titulo,categoria,texto_busca
Python / Django Developer,Back end,python / django developer back end python development sql data
Staff Software Engineer,"Back end, Web","staff software engineer back end, web python development sql data"
Experienced Software Engineer — Systems,Systems,experienced software engineer — systems systems python development sql data
"Privacy Engineer, Data Privacy Lab","Back end, Big Data, Machine Learning, Operations, Systems","privacy engineer, data privacy lab back end, big data, machine learning, operations, systems python development sql data"
Senior Ground Software Engineer,"Back end, Cloud, Database","senior ground software engineer back end, cloud, database python development sql data"
Backend Engineering Specialist (Full Time),"Back end, Database","backend engineering specialist (full time) back end, database python development sql data"
Senior Back-End Developer,"Back end, Cloud, Database, Lead, Operations, Web","senior back-end developer back end, cloud, database, lead, operations, web python development sql data"
Senior Software Engineer,,senior software engineer  python development sql data
Lead Python Developer,"Back end, Cloud, Lead, Machine Learning","lead python developer back end, cloud, lead, machine learning python development sql data"
AI Automation & Integration Engineer,"Back end, Big Data, Database, Machine Learning, Web","ai automation & integration engineer back end, big data, database, machine learning, web python development sql data"
Python developer (3-5 years experience) needed on strong team,"Back end, Database","python developer (3-5 years experience) needed on strong team back end, database python development sql data"
Tech Leader,"Back end, Lead","tech leader back end, lead python development sql data"
Python Software Engineer,"Back end, Evangelism, Front end, Operations, Systems, Testing, Web","python software engineer back end, evangelism, front end, operations, systems, testing, web python development sql data"
Senior Python Engineer (Supply Chain),Back end,senior python engineer (supply chain) back end python development sql data
Python Platform Engineer,"Back end, Cloud, Platform","python platform engineer back end, cloud, platform python development sql data"
Senior Software Engineer (Back-End),"Back end, Database","senior software engineer (back-end) back end, database python development sql data"
Senior Software Language Engineer – Python,"Lead, Machine Learning, Numeric processing","senior software language engineer – python lead, machine learning, numeric processing python development sql data"
"Software Engineer (Enterprise Product, Observability; Remote)","Back end, Big Data","software engineer (enterprise product, observability; remote) back end, big data python development sql data"
Software Engineer - Platform (Experienced),"Back end, Big Data, Cloud","software engineer - platform (experienced) back end, big data, cloud python development sql data"
Senior/Expert Python Software Engineer,"Back end, Cloud, Database, Lead, Systems, Web","senior/expert python software engineer back end, cloud, database, lead, systems, web python development sql data"
Founding Backend Engineer (On-site San Francisco) — Python • AWS • LLM/RAG,Back end,founding backend engineer (on-site san francisco) — python • aws • llm/rag back end python development sql data
Senior Software Engineer (Python and Solidity),"Back end, Integration, Lead, Systems","senior software engineer (python and solidity) back end, integration, lead, systems python development sql data"
Senior Platform / Site Reliability Engineer (SRE) - FULLY REMOTE / EU / UK CANDIDATES / DUBAI,"Back end, Big Data, Cloud, Database, Operations, Systems","senior platform / site reliability engineer (sre) - fully remote / eu / uk candidates / dubai back end, big data, cloud, database, operations, systems python development sql data"
Senior Python Software Engineer,"Back end, Big Data, Cloud, Machine Learning, Systems","senior python software engineer back end, big data, cloud, machine learning, systems python development sql data"
Backend Python Developer,Back end,backend python developer back end python development sql data
Open-Source Developer (Data Science Libraries),Back end,open-source developer (data science libraries) back end python development sql data
Backend Python Developer,Back end,backend python developer back end python development sql data
Computer Vision & Machine Learning Engineer (Consultant),Machine Learning,computer vision & machine learning engineer (consultant) machine learning python development sql data
Data Engineer,"Big Data, Text Processing","data engineer big data, text processing python development sql data"
Senior Python Developer/DevOps Engineer,"Big Data, Cloud, Web","senior python developer/devops engineer big data, cloud, web python development sql data"
Senior  Software Data  Engineer - Python,"Back end, Cloud, Database, Front end, Integration, Machine Learning, Testing","senior  software data  engineer - python back end, cloud, database, front end, integration, machine learning, testing python development sql data"
Senior  Software Data  Engineer - Python,"Cloud, Database, Front end, Integration, Machine Learning, Systems, Testing","senior  software data  engineer - python cloud, database, front end, integration, machine learning, systems, testing python development sql data"
